Healthy1_1f9b5992-c93f-44d2-b81c-f1d297e9e41e.jpeg,Healthy_Plant,He,He
Healthy1_210f6363-7975-462b-85b2-9784b96136ce.jpeg,Healthy_Plant,He,He
Healthy1_2c1a45d9-979e-46e2-9460-3c60aea962b8.jpeg,Healthy_Plant,He,He
Healthy1_67f53f82-baea-45c0-b36c-80e67dcd8925.jpeg,Healthy_Plant,He,He
Healthy1_70ce2b7e-8722-4275-bf73-3321e042e84a.jpeg,BLB,He,BL
Healthy1_76ca928e-dad0-4bf8-a93e-12984c9110f3.jpeg,Healthy_Plant,He,He
Healthy1_821c3840-4974-4160-a53f-bb7bf6c1af92.jpeg,Healthy_Plant,He,He
Healthy1_92d3eed0-1610-46ad-9b72-1b5459a459de.jpeg,Healthy_Plant,He,He
Healthy1_98d67135-3fa0-4ba9-a3f5-20ad5eadb40f.jpeg,Healthy_Plant,He,He
Healthy1_d9ce8540-05fa-4b9f-a6b7-4cb960beea12.jpeg,Healthy_Plant,He,He
Healthy1_e6c018cd-77cf-42a2-9088-fe4a941ac852.jpeg,Healthy_Plant,He,He
Healthy1_f20689cc-0e69-456a-80c1-2bdda069495b.jpeg,Healthy_Plant,He,He
Healthy1_f71cc323-db66-4c29-922c-ad8fc1ab1030.jpeg,Healthy_Plant,He,He
Healthy2_113c001e-606e-4c95-9913-398ecf502dd9.jpeg,Healthy_Plant,He,He
Healthy2_1a5cbee8-a874-47f3-b7b5-6187fc384233.jpeg,False_Smut,He,Fa
Healthy2_242f5ce6-b6aa-4c46-9f55-73a7185665ab.jpeg,Healthy_Plant,He,He
Healthy2_30da4fff-bbd5-4906-897a-2008bbe416f0.jpeg,Healthy_Plant,He,He
Healthy2_73dbd88d-ab59-466f-aa55-abd91b049a8e.jpeg,Healthy_Plant,He,He
Healthy2_9d2fe682-f0f8-4355-b08f-127c33c342c7.jpeg,Healthy_Plant,He,He
Healthy2_f87ee1fc-c9f9-4a18-b5d1-de73ab2154e2.jpeg,Healthy_Plant,He,He
Healthy3_02ce4ee5-3588-4d64-9d4c-4e2d06ca27f2.jpeg,others,He,ot
Healthy3_030c8c9e-5895-42c8-a0f1-616365e7c572.jpeg,BLB,He,BL
Healthy3_09adc4f4-3616-446a-8050-3c7856df0c71.jpeg,BLB,He,BL
Healthy3_09ed9e53-9bc1-4a48-a79b-8da831c260c0.jpeg,Healthy_Plant,He,He
Healthy3_0cbc96c0-f5ac-4054-9382-8e8f9deac06c.jpeg,BLB,He,BL
Healthy3_1a6b6b60-4181-4bea-83d5-07f16f72c7fa.jpeg,BLB,He,BL
Healthy3_1ae1b3ea-ce1a-407f-ae11-57156a5ed2c6.jpeg,BLB,He,BL
Healthy3_1b84dca7-c463-4a7b-b619-72ad64a93081.jpeg,BLB,He,BL
Healthy3_1cc72cde-d74b-4051-a278-717c648330bc.jpeg,Healthy_Plant,He,He
Healthy3_234452eb-b3c5-4e22-8a3d-073249beadf6.jpeg,BLB,He,BL
Healthy3_2e5d07ff-4354-4f5e-9fda-c30f09d4ee90.jpeg,Healthy_Plant,He,He
Healthy3_2f7aa558-b07a-4bc3-b417-360f6e961f34.jpeg,BLB,He,BL
Healthy3_302695c5-fcf3-40bd-a79d-47c7cfa0a4a5.jpeg,others,He,ot
Healthy3_3341b4d0-7ea2-4915-84cb-926868e12412.jpeg,BLB,He,BL
Healthy3_33f261cf-04fc-4585-9151-6a13330127d3.jpeg,BLB,He,BL
Healthy3_347584c7-2ea8-4d13-8c9a-9f52db4e4096.jpeg,BLB,He,BL
Healthy3_3a841ba8-f2e1-46ea-adfc-96a69b76d541.jpeg,BLB,He,BL
Healthy3_3b88c9b7-1c37-4891-af45-017c7c160862.jpeg,Healthy_Plant,He,He
Healthy3_44253a88-4c8d-41b1-9518-eda342852f6a.jpeg,BLB,He,BL
Healthy3_4673f08b-5d52-4abd-9fcc-a7a6faed461e.jpeg,BLB,He,BL
Healthy3_4c3be7dd-9d6c-4c83-a6ed-8a66aa59c040.jpeg,BLB,He,BL
Healthy3_4cecffb9-3ae7-4177-940b-450a7cd97ed6.jpeg,BLB,He,BL
Healthy3_53556394-36f0-4c9a-ae1c-ecd47c8494bc.jpeg,BLB,He,BL
Healthy3_599f4e6e-c37f-439e-8c6c-3cba7f13e00f.jpeg,Healthy_Plant,He,He
Healthy3_5ccfb8e1-b4f9-49f2-8603-708beadec47b.jpeg,BLB,He,BL
Healthy3_6a161166-4eab-44e2-b8c4-a872d846bf02.jpeg,Healthy_Plant,He,He
Healthy3_6eca283f-d455-482c-a561-f4b81a47ce15.jpeg,BLB,He,BL
Healthy3_70b6f0ed-4dba-4df0-a757-2898d72a4e20.jpeg,BLB,He,BL
Healthy3_7318512d-1fb6-41fd-9ec7-767e50b6e05e.jpeg,others,He,ot
Healthy3_7a844f75-f3eb-4288-89ea-0996ccba1850.jpeg,BLB,He,BL
Healthy3_83d278a8-d9e3-4b24-9e1d-2005266e8e9b.jpeg,BLB,He,BL
Healthy3_852a83d6-ea77-40f9-931c-b99c795d25de.jpeg,BLB,He,BL
Healthy3_8756cdd5-cbd2-4b82-9c2b-6f5737fd3b4b.jpeg,Healthy_Plant,He,He
Healthy3_8cddff08-994f-4ee3-81aa-e5d786ff5362.jpeg,Healthy_Plant,He,He
Healthy3_8d0674ba-0506-47d2-99a8-99571292cd06.jpeg,others,He,ot
Healthy3_8e2a6fe8-5834-47b7-95dc-772dc13e9d45.jpeg,others,He,ot
Healthy3_921abf3b-66ec-4a5e-86f6-4360aaea10b6.jpeg,others,He,ot
Healthy3_97a4e7fd-f60e-4329-9f8e-570451d8abfa.jpeg,BLB,He,BL
Healthy3_99b9c3d4-891a-4ae4-8c3a-004e46b1dac0.jpeg,BLB,He,BL
Healthy3_9f734a55-92c1-4d1c-b0eb-d3291301851b.jpeg,BLB,He,BL
Healthy3_a09a99d7-94b8-4e3a-b3d3-a92c2627c5a7.jpeg,BLB,He,BL
Healthy3_a443e66c-d348-41cd-ac38-406105bd72ac.jpeg,BLB,He,BL
Healthy3_a94b7bf6-4a9c-407e-94c7-0a2696ab6b4e.jpeg,others,He,ot
Healthy3_ac94ebc8-9c2f-4191-81e3-956688db4af5.jpeg,Healthy_Plant,He,He
Healthy3_af8c1f3b-8649-43cc-a467-b529e5af6a91.jpeg,BLB,He,BL
Healthy3_afbea9bc-e3bc-4f50-87e6-f932feffe4cd.jpeg,Healthy_Plant,He,He
Healthy3_b2c6f9db-aa0f-4801-b243-cdbc58f264e4.jpeg,BLB,He,BL
Healthy3_b3db474e-64fb-4b10-b48c-47d43b5a8783.jpeg,BLB,He,BL
Healthy3_b50f10e8-ee33-4612-90fd-926cd6817cee.jpeg,BLB,He,BL
Healthy3_bd826082-4b5b-4dad-b0f4-4d308359dbdd.jpeg,Healthy_Plant,He,He
Healthy3_c06516c8-d5d5-4e7f-aa15-2cb5e1c19525.jpeg,Healthy_Plant,He,He
Healthy3_c38f6da6-79b6-4b4d-bfe4-c16d2ee3cb54.jpeg,others,He,ot
Healthy3_c5b82474-8d71-45fc-aa97-da1236ef08b6.jpeg,others,He,ot
Healthy3_c75793b2-68ce-4554-aa24-0c4cbf54b75a.jpeg,BLB,He,BL
Healthy3_c8f0a4a8-5994-412f-8457-094d76844e9b.jpeg,BLB,He,BL
Healthy3_c92793c9-fade-4be8-97c8-0cacd48e0250.jpeg,BLB,He,BL
Healthy3_ca9670e7-cd3b-44ae-80b3-49e4714b2f8f.jpeg,BLB,He,BL
Healthy3_d4cc2d7a-ceda-409d-9253-07a61f70dca1.jpeg,BLB,He,BL
Healthy3_daceedb6-4caa-45c8-aeec-fb54662cc10a.jpeg,BLB,He,BL
Healthy3_e3a124be-2ecf-48aa-af3f-13928d85db0f.jpeg,Healthy_Plant,He,He
Healthy3_e872401b-f4b3-427a-b10f-3664f3783edb.jpeg,BLB,He,BL
Healthy3_ed638193-4235-40d1-8ef5-e8fbd1f2cd59.jpeg,BLB,He,BL
Healthy3_ee9b31ae-3ae3-43ad-ae76-239bad4cace3.jpeg,BLB,He,BL
Healthy3_f43a870f-9caf-490d-b5b0-c2e7825f0f66.jpeg,BLB,He,BL
Healthy3_ff6202f1-13af-41fc-bb3f-2ab4ce06601d.jpeg,BLB,He,BL
Neck_Blast1_0036204d-adb6-4266-9ba9-dd6cc9cce864.jpeg,others,Ne,ot
Neck_Blast1_00f6aa04-7ef4-42d6-a332-c006519679c3.jpeg,others,Ne,ot
Neck_Blast1_01aaab6e-a551-4597-b298-422bd7c601dc.jpeg,others,Ne,ot
Neck_Blast1_0225a59c-2039-4252-a2f3-4c672ca8e454.jpeg,others,Ne,ot
Neck_Blast1_03019081-66d2-4654-b27b-3795c51b1789.jpeg,others,Ne,ot
Neck_Blast1_03043a12-ff70-4793-98a6-fbee312f9383.jpeg,others,Ne,ot
Neck_Blast1_03627d76-dd76-4d47-9537-053345fe737d.jpeg,others,Ne,ot
Neck_Blast1_036b436e-c590-4424-ad09-4bb2a376dd62.jpeg,others,Ne,ot
Neck_Blast1_037d332d-00f2-4875-8a6a-5314bf29bfdd.jpeg,others,Ne,ot
Neck_Blast1_03f0f868-ef06-4a58-b5a5-d78209d15815.jpeg,others,Ne,ot
Neck_Blast1_04e2f168-e079-41c4-bd74-2da4bb7e2c76.jpeg,others,Ne,ot
Neck_Blast1_0509c4ba-f644-42ee-b540-aa53473d114c.jpeg,others,Ne,ot
Neck_Blast1_0543fb6a-328e-41fa-86fc-d99a69afd0f9.jpeg,others,Ne,ot
Neck_Blast1_05ebded8-42b4-47b5-9829-ba5f029480b9.jpeg,others,Ne,ot
Neck_Blast1_07a5fbaa-89ef-4d00-88c9-af079b223035.jpeg,False_Smut,Ne,Fa
Neck_Blast1_07df842b-fe37-4430-b24b-e96636e6b572.jpeg,others,Ne,ot
Neck_Blast1_08de58b4-7b6b-4a5d-b6d1-040f1166c0ba.jpeg,others,Ne,ot
Neck_Blast1_094d955d-3f9b-4262-a603-faebe7952435.jpeg,others,Ne,ot
Neck_Blast1_097e3c1c-e3d6-4287-b81f-d7ad6caf6a1c.jpeg,others,Ne,ot
Neck_Blast1_0a658fc7-1277-47b7-9cf8-4cce67c6f1a3.jpeg,others,Ne,ot
Neck_Blast1_0aedd7cf-1737-4bb4-be89-b7bdf1ec377d.jpeg,others,Ne,ot
Neck_Blast1_0b5af6c4-9713-478d-a618-fdb91c92ea16.jpeg,others,Ne,ot
Neck_Blast1_0c0a926b-5432-4bb3-b0ff-39114b5287d4.jpeg,others,Ne,ot
Neck_Blast1_0c6d6e06-b78f-4314-a358-708e328c9751.jpeg,others,Ne,ot
Neck_Blast1_0d9dd523-3af6-495e-95d2-5f23b1f4e057.jpeg,others,Ne,ot
Neck_Blast1_0e30be6d-a41c-409f-b79b-b426aa15f63d.jpeg,others,Ne,ot
Neck_Blast1_0e7591f3-c61b-48d0-a700-19eebacb3420.jpeg,others,Ne,ot
Neck_Blast1_0edaf09c-702a-4870-92fe-cdca81df750b.jpeg,others,Ne,ot
Neck_Blast1_0f89de07-bd29-4fd8-9374-4c949b986eef.jpeg,others,Ne,ot
Neck_Blast1_0fadb0fb-81a5-4769-a51c-103bf93bfe6b.jpeg,others,Ne,ot
Neck_Blast1_10191763-a634-41f8-a390-c977004da1fd.jpeg,others,Ne,ot
Neck_Blast1_10a41bb9-d894-4f96-9a11-22f13fa67d36.jpeg,others,Ne,ot
Neck_Blast1_1344f5e0-d468-4133-b8c5-01470cef6c50.jpeg,others,Ne,ot
Neck_Blast1_1470b445-1a09-4a52-ad59-191c58f0a95d.jpeg,others,Ne,ot
Neck_Blast1_1553b67e-eeae-4519-a3a4-790a115ff798.jpeg,others,Ne,ot
Neck_Blast1_1714c3d2-7461-4aa9-a3c1-6a02880c4258.jpeg,others,Ne,ot
Neck_Blast1_176f21f9-2518-4c0f-8971-d158934692bd.jpeg,others,Ne,ot
Neck_Blast1_18156c2e-0214-4a7e-8e35-98d912f458cb.jpeg,others,Ne,ot
Neck_Blast1_18a1a09b-249f-4ddc-9c63-49e906fc59e0.jpeg,others,Ne,ot
Neck_Blast1_1a7acd3c-b738-48f8-a513-62d65a826c26.jpeg,others,Ne,ot
Neck_Blast1_1fa2d501-79fb-49ed-9669-e73b7d90345d.jpeg,False_Smut,Ne,Fa
Neck_Blast1_20f3485c-64c9-4c7e-8b3e-bb28f6500c99.jpeg,others,Ne,ot
Neck_Blast1_231b6169-2eaa-4557-b9f1-89f234662df4.jpeg,others,Ne,ot
Neck_Blast1_23594d2d-40d5-40ff-883e-997cf67f9a2e.jpeg,others,Ne,ot
Neck_Blast1_2404789e-5252-419d-822a-05f57ee0dca7.jpeg,others,Ne,ot
Neck_Blast1_26492442-5a39-4571-8c7e-7a111e056890.jpeg,others,Ne,ot
Neck_Blast1_26aa213b-f8fa-46c2-8888-c344da9533f8.jpeg,others,Ne,ot
Neck_Blast1_2809bd21-3ef9-42c6-b8dc-39b046fa039c.jpeg,others,Ne,ot
Neck_Blast1_284cfb0e-523c-4201-a8b4-72f7dcda3fae.jpeg,others,Ne,ot
Neck_Blast1_28bdf368-4eb1-49db-87f3-834fc3e553e9.jpeg,others,Ne,ot
Neck_Blast1_290fa1ed-2f2d-4ee8-9fea-4a1f3e70ae17.jpeg,others,Ne,ot
Neck_Blast1_29780731-97db-4c2a-b259-6e33338d4043.jpeg,others,Ne,ot
Neck_Blast1_31062090-c024-4390-af3b-636ee4e24926.jpeg,others,Ne,ot
Neck_Blast1_317f7f3f-d5ea-4152-9737-ee01c5dfe971.jpeg,others,Ne,ot
Neck_Blast1_32fe3557-7293-40fd-bbdb-c561798332b2.jpeg,others,Ne,ot
Neck_Blast1_3317735d-5e73-43c4-99c7-f1b72b73495e.jpeg,others,Ne,ot
Neck_Blast1_331a22dd-2958-493f-9099-2381413c0715.jpeg,others,Ne,ot
Neck_Blast1_3365de02-3e0e-4558-af4f-6229b8dde1da.jpeg,others,Ne,ot
Neck_Blast1_33ba63db-0714-4927-9bf6-1543621fdd72.jpeg,others,Ne,ot
Neck_Blast1_350500cd-b7ca-4f5d-b94e-0b322222f9f4.jpeg,False_Smut,Ne,Fa
Neck_Blast1_3641be3e-32d4-4bd3-ac90-ba8c71fc00ef.jpeg,others,Ne,ot
Neck_Blast1_37c06263-583e-4235-b132-bf9dd7b60503.jpeg,others,Ne,ot
Neck_Blast1_38fbac33-0cba-434a-adb1-a869b93d4183.jpeg,others,Ne,ot
Neck_Blast1_39d4463b-20c9-445b-899f-bcae72a3229f.jpeg,False_Smut,Ne,Fa
Neck_Blast1_3a192ae5-6970-453b-922c-6cde4ed16a0b.jpeg,others,Ne,ot
Neck_Blast1_3b80c7e5-32d2-477a-847b-187ea69f7617.jpeg,others,Ne,ot
Neck_Blast1_3b982648-fa93-49cb-9427-743c871ed86a.jpeg,others,Ne,ot
Neck_Blast1_3cbe4b04-c86f-49b4-b5e7-c467e3ba21b8.jpeg,others,Ne,ot
Neck_Blast1_3db68326-654b-4208-b9f8-281c60dc48f4.jpeg,others,Ne,ot
Neck_Blast1_3e5325da-e15b-42e6-b2a4-31703d1933f1.jpeg,others,Ne,ot
Neck_Blast1_4135c515-fcb4-4622-9dfd-f4c7ad91b7ee.jpeg,others,Ne,ot
Neck_Blast1_41600c3a-2648-47ca-8a9b-5363f9b6c1fb.jpeg,others,Ne,ot
Neck_Blast1_41bf8095-ba09-4b57-ad8d-2fa0dde5e3d1.jpeg,others,Ne,ot
Neck_Blast1_42a01559-ca69-45bd-ac6b-9a7847c01be9.jpeg,others,Ne,ot
Neck_Blast1_4391b296-550a-47f8-9e89-a5ac7924b11c.jpeg,others,Ne,ot
Neck_Blast1_45a4891b-7ad3-4818-a84c-d93f5e305f18.jpeg,others,Ne,ot
Neck_Blast1_45e45f12-b4e1-4244-83c0-6ef788f364ea.jpeg,others,Ne,ot
Neck_Blast1_4993f9fc-7852-41ef-900b-1f9e74f86299.jpeg,others,Ne,ot
Neck_Blast1_4ae04950-c6f2-46e8-9592-1aa342dc3196.jpeg,others,Ne,ot
Neck_Blast1_4b81c2d9-4f8a-4582-a74e-128e10a3e895.jpeg,others,Ne,ot
Neck_Blast1_4d8fe345-3dd4-4683-9e30-df9d93169756.jpeg,others,Ne,ot
Neck_Blast1_4e9c03aa-5c32-49f1-8ec0-b77f00f52d73.jpeg,others,Ne,ot
Neck_Blast1_4ea564b4-2c2c-43e0-8620-8b9bee963d2e.jpeg,others,Ne,ot
Neck_Blast1_4f2d24df-91cb-4cfb-8c1b-276a4ae9b1cf.jpeg,others,Ne,ot
Neck_Blast1_4f3ba6ec-a273-4005-b919-8f580a18be8a.jpeg,others,Ne,ot
Neck_Blast1_50a822ce-b23d-4071-b813-532be7cf49c2.jpeg,others,Ne,ot
Neck_Blast1_517b04ea-93ab-4042-9005-258718bdcb54.jpeg,False_Smut,Ne,Fa
Neck_Blast1_5362efd4-a0d2-4514-8646-85af2a2c678e.jpeg,others,Ne,ot
Neck_Blast1_537137be-10a2-4f34-b29e-b5611e47e9d8.jpeg,others,Ne,ot
Neck_Blast1_53f99206-05d9-4f34-af05-c7e64fd6518b.jpeg,others,Ne,ot
Neck_Blast1_5792e0f9-6adc-4fc5-91c6-ab6e778fb952.jpeg,others,Ne,ot
Neck_Blast1_57fa9979-2eb4-4909-aa64-57d0c3a3e068.jpeg,others,Ne,ot
Neck_Blast1_5905f8c6-a22a-4fe7-9057-789b3d347069.jpeg,others,Ne,ot
Neck_Blast1_59daa870-5e74-41c5-9096-dc917a14b2f6.jpeg,others,Ne,ot
Neck_Blast1_5a067185-b862-4474-919d-24d81bd8a78e.jpeg,BLB,Ne,BL
Neck_Blast1_5a598820-1be3-49da-8945-a3e44b40f65c.jpeg,others,Ne,ot
Neck_Blast1_5c90631c-9273-4bf2-9d95-7ca3282d0d9e.jpeg,others,Ne,ot
Neck_Blast1_5d0a85a7-7c6b-488c-9c98-b70b7aebc2f8.jpeg,others,Ne,ot
Neck_Blast1_5d684b15-3323-4aad-966a-4bf9dfe88542.jpeg,others,Ne,ot
Neck_Blast1_5e8f54f5-172a-4990-8575-e38a07909f79.jpeg,others,Ne,ot
Neck_Blast1_64346a5d-fc28-4562-8446-87ca89d672e9.jpeg,others,Ne,ot
Neck_Blast1_6703509d-36dd-47e0-a537-5641f9f5ccda.jpeg,others,Ne,ot
Neck_Blast1_6ab8c0de-97e3-4451-afd2-b615686c68e2.jpeg,others,Ne,ot
Neck_Blast1_6abb645b-1dab-4f1c-a2d3-2710015395fa.jpeg,others,Ne,ot
Neck_Blast1_6c03d0be-f944-4f5c-b4fb-64e023e97060.jpeg,others,Ne,ot
Neck_Blast1_6d3d3759-ed25-412f-b0ab-cad12f72bef5.jpeg,others,Ne,ot
Neck_Blast1_6d57b988-509c-4119-bcb9-4127ab72fbd3.jpeg,others,Ne,ot
Neck_Blast1_6e3c6fa3-22d7-400f-93ee-6f0826ce867f.jpeg,others,Ne,ot
Neck_Blast1_6e479e45-44db-420d-a6b4-d14204d7df60.jpeg,others,Ne,ot
Neck_Blast1_6f59d3b5-c32c-4b90-9697-b3bb7f2a22ac.jpeg,others,Ne,ot
Neck_Blast1_7003faae-288e-454b-98cc-37b50f71f076.jpeg,others,Ne,ot
Neck_Blast1_724d9140-d577-4e46-92d9-77eb8a451635.jpeg,others,Ne,ot
Neck_Blast1_737d69da-183d-4af6-8a04-132ebddd4524.jpeg,others,Ne,ot
Neck_Blast1_76a933ff-b694-44c8-92e5-9e82fb5e8f80.jpeg,others,Ne,ot
Neck_Blast1_76c3e3da-75ee-4f97-aec7-76889fb4b888.jpeg,others,Ne,ot
Neck_Blast1_77d54570-c833-4b5d-b6e2-1483af2e93f0.jpeg,others,Ne,ot
Neck_Blast1_79f924c7-a5e1-4790-8b65-5412954058f8.jpeg,others,Ne,ot
Neck_Blast1_7ac94e08-2f81-48e5-a419-32365205c98b.jpeg,others,Ne,ot
Neck_Blast1_7b323c5a-498b-421e-9c15-5a8c6b542b51.jpeg,others,Ne,ot
Neck_Blast1_7d150163-0ba7-4915-945e-9a9f542a2da4.jpeg,others,Ne,ot
Neck_Blast1_7f87282f-db1b-425f-85ac-ff19dfb566f1.jpeg,others,Ne,ot
Neck_Blast1_81259db4-2150-4f87-a37a-34bf990e1506.jpeg,others,Ne,ot
Neck_Blast1_81315e2c-52b5-4361-b153-2af9412888c5.jpeg,others,Ne,ot
Neck_Blast1_819c6327-d35e-4a2d-a962-7690359b3f01.jpeg,others,Ne,ot
Neck_Blast1_828eea6e-2892-45e7-a659-65e4e4480e8e.jpeg,others,Ne,ot
Neck_Blast1_848ae0c7-ea74-4fb9-adc8-ce7f2655d595.jpeg,others,Ne,ot
Neck_Blast1_8580ae9e-52d9-4c38-a50b-f355718df3b9.jpeg,others,Ne,ot
Neck_Blast1_858d5e0b-6c23-4efd-ba8d-75e2c258eea8.jpeg,others,Ne,ot
Neck_Blast1_88a11f1a-e318-4898-b239-45c400c70d67.jpeg,others,Ne,ot
Neck_Blast1_88d67625-18fb-4621-a2f1-c13f3873e125.jpeg,others,Ne,ot
Neck_Blast1_88db8d39-e370-40c5-9c51-7598443b4559.jpeg,others,Ne,ot
Neck_Blast1_899322c9-9e0c-4498-9058-0886983a9464.jpeg,others,Ne,ot
Neck_Blast1_89cbd50c-b57f-45ed-be1d-208e60b5209a.jpeg,others,Ne,ot
Neck_Blast1_89e757f6-8049-403e-8bb0-e27bbb05ae1f.jpeg,others,Ne,ot
Neck_Blast1_8a804ebd-5e96-4998-81a1-2b92b944a298.jpeg,others,Ne,ot
Neck_Blast1_8bbae1a0-1d41-4547-82fc-def2970bbf42.jpeg,others,Ne,ot
Neck_Blast1_8d387523-54e7-4b54-bbcd-3f7114484889.jpeg,others,Ne,ot
Neck_Blast1_8df724b3-775f-41b2-a44d-96c9b09a6656.jpeg,others,Ne,ot
Neck_Blast1_8f633fa0-7aab-4772-b1a7-745264a5bfa1.jpeg,others,Ne,ot
Neck_Blast1_9070e990-38e6-448a-b470-f7bcdf301cb6.jpeg,others,Ne,ot
Neck_Blast1_9093c8e5-3736-4c44-81f8-c0ef1b9f04ec.jpeg,others,Ne,ot
Neck_Blast1_9314337f-e57b-45bb-8ce5-efaf06f24b8a.jpeg,others,Ne,ot
Neck_Blast1_9487b22a-6894-4035-bfb7-30528663d8ea.jpeg,others,Ne,ot
Neck_Blast1_94c05359-bdc4-4059-b5b5-96eac6376960.jpeg,others,Ne,ot
Neck_Blast1_9563452d-c78c-48fb-a910-86ce1d64de1e.jpeg,others,Ne,ot
Neck_Blast1_96653b1f-0da5-4999-8257-31ab110ed126.jpeg,others,Ne,ot
Neck_Blast1_97f0d37e-0b7e-4b3a-a145-10592b554143.jpeg,others,Ne,ot
Neck_Blast1_9a0870df-f6c8-45cb-8023-33e86c4d9638.jpeg,others,Ne,ot
Neck_Blast1_9ac168bf-0e2a-4a48-8fa7-f91105fc8040.jpeg,others,Ne,ot
Neck_Blast1_9ad17a6a-75d9-4aa8-adfd-53502da7e64f.jpeg,others,Ne,ot
Neck_Blast1_9bef0674-e0ec-48ae-a514-31e12b9161e7.jpeg,others,Ne,ot
Neck_Blast1_9d783d79-9f2e-4e31-839c-601039962126.jpeg,others,Ne,ot
Neck_Blast1_9df02490-688f-4501-8fd9-c37475f39455.jpeg,others,Ne,ot
Neck_Blast1_9e31ef2b-1c56-42d2-b6be-24033c8dd5cc.jpeg,others,Ne,ot
Neck_Blast1_a202af2a-e97e-4f90-8131-2ed20f252d7a.jpeg,others,Ne,ot
Neck_Blast1_a36d5090-f63f-4127-b273-409b3d33c5be.jpeg,others,Ne,ot
Neck_Blast1_a679575c-8bb5-45fb-b5e6-9c7d3e5ea899.jpeg,others,Ne,ot
Neck_Blast1_a75a4823-c590-423f-af4f-6cde681540cb.jpeg,others,Ne,ot
Neck_Blast1_ab6e5c09-8f54-4cc6-a97b-8fc9064b7da6.jpeg,others,Ne,ot
Neck_Blast1_ac1f3cf4-2661-4403-90c4-68767553152a.jpeg,others,Ne,ot
Neck_Blast1_ac53dcbc-6019-415b-b305-6fb3c01a3e88.jpeg,others,Ne,ot
Neck_Blast1_ac9b7ec8-4a74-4789-b3ef-693e478b6711.jpeg,others,Ne,ot
Neck_Blast1_ad2c4276-00e9-4c70-95d4-eb5e4fdc64cf.jpeg,others,Ne,ot
Neck_Blast1_ad803c5e-bcbd-432c-a335-b04f8a554416.jpeg,others,Ne,ot
Neck_Blast1_af2d9f39-7873-4a43-ba59-02c8e08c9cde.jpeg,others,Ne,ot
Neck_Blast1_b0245e4e-82e8-42ad-9cbe-58a65e170fbb.jpeg,others,Ne,ot
Neck_Blast1_b0aa354e-b8ca-491a-9f57-e96c6bc4fa72.jpeg,others,Ne,ot
Neck_Blast1_b0bf1131-5219-4d28-a895-d1e2a7eb5cc2.jpeg,others,Ne,ot
Neck_Blast1_b1f32b33-db8e-46dc-b8bd-dcaae0419ce8.jpeg,others,Ne,ot
Neck_Blast1_b2b8186a-7b51-45a4-9fb4-5c52072c468e.jpeg,others,Ne,ot
Neck_Blast1_b499e564-f47c-4443-b618-22a7ed033005.jpeg,others,Ne,ot
Neck_Blast1_b53fc66b-be2c-41de-b988-95d530999c3b.jpeg,others,Ne,ot
Neck_Blast1_b66a8306-e746-424e-9382-105816c4fd0d.jpeg,others,Ne,ot
Neck_Blast1_b9609bc9-a246-422e-a0a4-24b7ac399d27.jpeg,others,Ne,ot
Neck_Blast1_b9667da3-22df-439d-962f-2f20f25a85bd.jpeg,False_Smut,Ne,Fa
Neck_Blast1_bacce1a1-173d-47d5-bca6-5d53131a4689.jpeg,others,Ne,ot
Neck_Blast1_bdf27044-c812-4102-8b78-20e640355f75.jpeg,others,Ne,ot
Neck_Blast1_c0630938-693c-4d23-83be-2eda9cc10646.jpeg,others,Ne,ot
Neck_Blast1_c0c94533-2bce-4adf-804a-6c0be98ada55.jpeg,others,Ne,ot
Neck_Blast1_c0d28257-ad86-4b90-8c75-516127772bc2.jpeg,others,Ne,ot
Neck_Blast1_c299db5c-a212-4011-87c0-91ec5e1ad164.jpeg,others,Ne,ot
Neck_Blast1_c2a8ac1f-036a-41c4-86ef-b0d2b2992ffd.jpeg,others,Ne,ot
Neck_Blast1_c36ba393-a6c9-4845-89ce-96ad2140ef8a.jpeg,others,Ne,ot
Neck_Blast1_c55f5ee2-9dbe-4b94-b720-7b511818e75d.jpeg,others,Ne,ot
Neck_Blast1_c888a51b-c727-4639-bcc6-38af31268a50.jpeg,others,Ne,ot
Neck_Blast1_c893ce79-93f1-4636-b600-cefdb6465dd0.jpeg,others,Ne,ot
Neck_Blast1_c9253d47-a9a3-4f3c-b588-88f108331f3b.jpeg,others,Ne,ot
Neck_Blast1_caa49f17-083f-45d2-9d71-f8ec529c1bfb.jpeg,others,Ne,ot
Neck_Blast1_cc829ef0-7c14-44b5-b1d1-9546e477ed82.jpeg,others,Ne,ot
Neck_Blast1_cddb5588-85d2-4a35-bf61-3b02f47a14a6.jpeg,others,Ne,ot
Neck_Blast1_ce4bac61-e107-44a2-8c27-ac9299799ee4.jpeg,others,Ne,ot
Neck_Blast1_ce7a0ce1-b640-4aa6-a02d-31bf1262d7c1.jpeg,others,Ne,ot
Neck_Blast1_cebaf082-10f5-4022-9e22-e746aa8e350b.jpeg,others,Ne,ot
Neck_Blast1_d1198fce-466a-47d9-a183-67bb75f99afb.jpeg,others,Ne,ot
Neck_Blast1_d1e3419f-6199-4579-a3b5-4d3ba06d53ff.jpeg,others,Ne,ot
Neck_Blast1_d2028a3b-58e5-46f5-8897-a45f9b9d7f94.jpeg,others,Ne,ot
Neck_Blast1_d5dc5167-3133-4d63-969a-72093e570313.jpeg,others,Ne,ot
Neck_Blast1_d6e0ccf6-1d2d-470c-9910-32c0cc34b169.jpeg,others,Ne,ot
Neck_Blast1_d7cc5188-894a-4357-9980-58f4648af660.jpeg,others,Ne,ot
Neck_Blast1_da18dcc4-ec2a-4c74-a8a4-42dbccabea03.jpeg,others,Ne,ot
Neck_Blast1_daf6a554-1ece-4c91-907c-c64e13badc50.jpeg,others,Ne,ot
Neck_Blast1_dba31704-a2e2-4e16-a3b8-046ae39d80c9.jpeg,others,Ne,ot
Neck_Blast1_dc790794-0a30-4c2f-85b2-944c585c6fbf.jpeg,others,Ne,ot
Neck_Blast1_dd8ef62a-346b-4f70-92fa-b214a7696ff8.jpeg,others,Ne,ot
Neck_Blast1_e1db8055-fea0-464f-b77c-087daff19ecb.jpeg,others,Ne,ot
Neck_Blast1_e1ebfdb6-3919-49c6-878d-c15806ad76b1.jpeg,others,Ne,ot
Neck_Blast1_e2661428-2534-4141-a486-0561c0d09543.jpeg,others,Ne,ot
Neck_Blast1_e38be763-a868-4920-b0c4-cb5b3e772f3e.jpeg,others,Ne,ot
Neck_Blast1_e51ba1ef-5ba4-4299-96dd-c3426d9445ca.jpeg,others,Ne,ot
Neck_Blast1_e545b631-f525-441c-bdbd-0967e506a94b.jpeg,others,Ne,ot
Neck_Blast1_e5ca5db4-180f-4f23-a477-5a4b2ea519ba.jpeg,others,Ne,ot
Neck_Blast1_e68b0d3b-f051-431c-8335-9a7eee839933.jpeg,others,Ne,ot
Neck_Blast1_e87dd997-ab7d-457a-a76a-99f9f8f13657.jpeg,others,Ne,ot
Neck_Blast1_eb114e9f-2078-47be-8e86-1638209425b0.jpeg,others,Ne,ot
Neck_Blast1_ec74615a-4d3c-482f-a55b-7ac4e7646309.jpeg,others,Ne,ot
Neck_Blast1_ed97ecc2-7247-408f-a663-79cbb106a67d.jpeg,others,Ne,ot
Neck_Blast1_f2261be1-9535-4469-8807-ed006ac5ed90.jpeg,others,Ne,ot
Neck_Blast1_f2707fdb-f436-4208-b2aa-2a47380c5a46.jpeg,others,Ne,ot
Neck_Blast1_f3792056-193f-4ccf-a1ef-baf2750cf301.jpeg,others,Ne,ot
Neck_Blast1_f4661f8e-8a7b-45a0-ac5d-56ded7c62650.jpeg,others,Ne,ot
Neck_Blast1_f85133d4-f507-415c-9593-d6722e961dd8.jpeg,others,Ne,ot
Neck_Blast1_fb0f1169-dcfc-43bf-99fb-2b6598b73650.jpeg,others,Ne,ot
Neck_Blast1_fb84fa33-1fb6-48c5-8f18-785f72b48826.jpeg,others,Ne,ot
Neck_Blast1_fbbe2485-3ea7-4c1a-a0e8-180c91aff1dd.jpeg,others,Ne,ot
Neck_Blast1_fbda738f-3e5a-4a5f-9ac1-cc6dd7da23a4.jpeg,others,Ne,ot
Neck_Blast1_fd95327f-d322-450b-ae5b-8af1cc161778.jpeg,others,Ne,ot
Neck_Blast1_fea5d0b9-be70-469d-beab-edbbbcc1e229.jpeg,others,Ne,ot
Sheath_Blight_Rot1_07219349-4452-4250-847b-0b69d10a500a.jpeg,BLB,Sh,BL
Sheath_Blight_Rot1_0c83d0b5-4770-4851-a58a-a3a4e3f06b38.jpeg,Healthy_Plant,Sh,He
Sheath_Blight_Rot1_11190e66-3773-45af-9ded-ab355d84b147.jpeg,BLB,Sh,BL
Sheath_Blight_Rot1_114ec56c-b448-4286-8ddf-5f8d252683f4.jpeg,BLB,Sh,BL
Sheath_Blight_Rot1_124e5699-54b8-4cd2-b799-c36f4c6bc57e.jpeg,BLB,Sh,BL
Sheath_Blight_Rot1_139edfbe-05c2-49a2-86c2-cd9e51bf0ea1.jpeg,BLB,Sh,BL
Sheath_Blight_Rot1_14c2baf3-8994-4832-94ab-3f04d52bfeb0.jpeg,BLB,Sh,BL
Sheath_Blight_Rot1_1791ff63-94bf-4b43-b112-820d57f5ce5c.jpeg,BLB,Sh,BL
Sheath_Blight_Rot1_17cef619-d7ef-415e-b458-1874b5763620.jpeg,Healthy_Plant,Sh,He
Sheath_Blight_Rot1_1dd82019-75dd-49e8-a08b-d25e598d89f8.jpeg,BLB,Sh,BL
Sheath_Blight_Rot1_1e4c83f2-ac14-4ca0-b3e4-72179706dff3.jpeg,Healthy_Plant,Sh,He
Sheath_Blight_Rot1_1f390bed-9947-4d78-8beb-881f8b3fedaa.jpeg,BLB,Sh,BL
Sheath_Blight_Rot1_20361ad8-b1d2-448b-bf8b-284284b984ee.jpeg,others,Sh,ot
Sheath_Blight_Rot1_2542996c-1ed0-4dbd-af8f-003fecb7d31f.jpeg,BLB,Sh,BL
Sheath_Blight_Rot1_2bb6c02a-44df-40a8-99b6-ca47c465e054.jpeg,BLB,Sh,BL
Sheath_Blight_Rot1_2cf7d796-9908-495b-86e3-031937508b17.jpeg,BLB,Sh,BL
Sheath_Blight_Rot1_3012a726-4d13-4e08-934c-4667b58d31ef.jpeg,Healthy_Plant,Sh,He
Sheath_Blight_Rot1_306ff013-46d2-4bac-8563-45f043038e03.jpeg,Healthy_Plant,Sh,He
Sheath_Blight_Rot1_31c206a2-9691-4565-aa39-a289fca56d89.jpeg,BLB,Sh,BL
Sheath_Blight_Rot1_33bddc60-7dea-4f2d-a185-3e792a54fdc2.jpeg,BLB,Sh,BL
Sheath_Blight_Rot1_36455299-d428-41d1-a5da-1fe5f85b961e.jpeg,BLB,Sh,BL
Sheath_Blight_Rot1_378b4db5-e25d-421a-aec3-e41fd9e46154.jpeg,BLB,Sh,BL
Sheath_Blight_Rot1_3aba38dd-ce8e-4b9d-862a-345884703eae.jpeg,BLB,Sh,BL
Sheath_Blight_Rot1_3cbd6ea3-2370-4b7b-93e1-b7e8bcec74b6.jpeg,others,Sh,ot
Sheath_Blight_Rot1_43498a23-de31-43af-a73a-3d8ecca53379.jpeg,Healthy_Plant,Sh,He
Sheath_Blight_Rot1_4500792c-377a-4440-aa4d-773b1c64b666.jpeg,Healthy_Plant,Sh,He
Sheath_Blight_Rot1_451598e8-6a8e-4863-a6b9-8e0460fb9c49.jpeg,Healthy_Plant,Sh,He
Sheath_Blight_Rot1_49158ae9-7a8a-4b05-aa08-59619eef84fa.jpeg,Healthy_Plant,Sh,He
Sheath_Blight_Rot1_4c532241-b377-47db-aa22-f8dd4983b5fc.jpeg,BLB,Sh,BL
Sheath_Blight_Rot1_4c87143a-b48b-4f9b-ad79-9c24b66cc30a.jpeg,BLB,Sh,BL
Sheath_Blight_Rot1_50edb95e-cdf5-400c-8014-b6aa4c8610bf.jpeg,others,Sh,ot
Sheath_Blight_Rot1_5b7d7e25-1f66-442a-986a-c06a2baf175d.jpeg,False_Smut,Sh,Fa
Sheath_Blight_Rot1_6624f045-bd50-4227-ad24-0cfcd03a562a.jpeg,others,Sh,ot
Sheath_Blight_Rot1_6746f005-eefc-4862-94e1-701742264fcb.jpeg,BLB,Sh,BL
Sheath_Blight_Rot1_6b8f9a6f-bf75-4851-a18f-f1b2ce134dd2.jpeg,Healthy_Plant,Sh,He
Sheath_Blight_Rot1_71a75ba6-bddf-4fc1-8b48-5ece09404c33.jpeg,BLB,Sh,BL
Sheath_Blight_Rot1_762a1e0d-6773-44d0-bc5f-8e89396b2558.jpeg,Healthy_Plant,Sh,He
Sheath_Blight_Rot1_78ba10ba-dc5b-4127-8907-a3e831d6f287.jpeg,BLB,Sh,BL
Sheath_Blight_Rot1_78fc4767-cff5-403a-a5cb-4a1ff82ce25e.jpeg,BLB,Sh,BL
Sheath_Blight_Rot1_7f8ec99f-1412-46c2-8896-bb66e3d956d4.jpeg,others,Sh,ot
Sheath_Blight_Rot1_84dc27ee-5469-491f-baae-9a976cb69b16.jpeg,BLB,Sh,BL
Sheath_Blight_Rot1_869d4d6d-5797-4a33-813d-0a2b33468394.jpeg,Healthy_Plant,Sh,He
Sheath_Blight_Rot1_89486fa0-506a-4dbf-a906-3294cad0f551.jpeg,Healthy_Plant,Sh,He
Sheath_Blight_Rot1_8b4c02ce-5a4b-4b14-8cd7-545a4ee7417e.jpeg,BLB,Sh,BL
Sheath_Blight_Rot1_8c3f8a41-3ad4-4196-80e5-c702bfb94f6a.jpeg,BLB,Sh,BL
Sheath_Blight_Rot1_930141fa-ecec-4e39-8143-482b33b115d1.jpeg,BLB,Sh,BL
Sheath_Blight_Rot1_9ae25ebc-34ef-466b-b7d3-3cb5563ccfcb.jpeg,Healthy_Plant,Sh,He
Sheath_Blight_Rot1_a1e12681-695b-4d1f-ab31-a2ef535d9dba.jpeg,BLB,Sh,BL
Sheath_Blight_Rot1_a8541493-e7cf-423f-9a0a-d88d602d7894.jpeg,BLB,Sh,BL
Sheath_Blight_Rot1_af37547f-0548-4406-be19-c81437529129.jpeg,BLB,Sh,BL
Sheath_Blight_Rot1_bd624a2e-c38e-4d91-87b4-1c9de141a2f3.jpeg,BLB,Sh,BL
Sheath_Blight_Rot1_bdc559cb-3aae-4b24-b476-5a9f9814deec.jpeg,BLB,Sh,BL
Sheath_Blight_Rot1_c2c5ce1d-a913-4019-8042-c42d05efac44.jpeg,BLB,Sh,BL
Sheath_Blight_Rot1_ccda9117-2061-41e8-ae84-44f59859c73a.jpeg,others,Sh,ot
Sheath_Blight_Rot1_cdc0de75-a27d-439e-b396-5290263a37eb.jpeg,BLB,Sh,BL
Sheath_Blight_Rot1_d1947e60-78bc-4296-8c3e-c7575de1c0b6.jpeg,BLB,Sh,BL
Sheath_Blight_Rot1_db373da8-3793-418a-bf6e-52d7c05596ad.jpeg,BLB,Sh,BL
Sheath_Blight_Rot1_e2c6b0b5-7e79-4591-a500-b5a7894b6f1f.jpeg,others,Sh,ot
Sheath_Blight_Rot1_e770280d-aba1-4b52-8444-4ea3d19b5178.jpeg,others,Sh,ot
Sheath_Blight_Rot1_e9edd3a9-49f4-4103-8a4b-bb42a45e6185.jpeg,Brown_Spot,Sh,Br
Sheath_Blight_Rot1_ebc33fb3-ea00-4144-b02c-3ecfea5b48c9.jpeg,others,Sh,ot
Sheath_Blight_Rot1_eed79e0d-8593-45f0-aa52-4259bf3edfee.jpeg,others,Sh,ot
Sheath_Blight_Rot1_f0581ef9-6f86-4a9c-b844-8a661f4a0672.jpeg,others,Sh,ot
Sheath_Blight_Rot1_f31c88db-8ff6-44bb-90f3-385b2d056505.jpeg,BLB,Sh,BL
Sheath_Blight_Rot2_01698521-a999-4786-9466-5136b3da7dbb.jpeg,Healthy_Plant,Sh,He
Sheath_Blight_Rot2_08201f73-8ee4-4563-882b-05e6c3b853ef.jpeg,Healthy_Plant,Sh,He
Sheath_Blight_Rot2_0b9f654b-297d-4665-bb54-dd19794bc189.jpeg,BLB,Sh,BL
Sheath_Blight_Rot2_16efadb3-d1d1-4ca9-8aa5-5c3cf68b1909.jpeg,BLB,Sh,BL
Sheath_Blight_Rot2_1b3a818f-180c-4b00-bf8e-fc34952d26fd.jpeg,BLB,Sh,BL
Sheath_Blight_Rot2_39471037-b8d8-4e33-a461-3354287110c4.jpeg,BLB,Sh,BL
Sheath_Blight_Rot2_3ffcd0ac-dd0a-4041-b22b-d075f92feeb3.jpeg,BLB,Sh,BL
Sheath_Blight_Rot2_4625615d-2d57-4e3a-85d1-5ae25ff5e254.jpeg,BLB,Sh,BL
Sheath_Blight_Rot2_4a624ec0-75c2-4c3c-b8e2-564a7dc86589.jpeg,BLB,Sh,BL
Sheath_Blight_Rot2_4b2502ba-63d5-47be-a475-1c8dc9fb74a1.jpeg,BLB,Sh,BL
Sheath_Blight_Rot2_55862df0-6cb9-4748-a45a-37542e3f0911.jpeg,BLB,Sh,BL
Sheath_Blight_Rot2_58440b63-9147-4f70-8d74-a0a7000694cc.jpeg,BLB,Sh,BL
Sheath_Blight_Rot2_5a487bb3-61dd-4bfa-8296-81ac5709a4bc.jpeg,BLB,Sh,BL
Sheath_Blight_Rot2_654fa0d7-498c-4dc3-b4c0-b15d6462cacc.jpeg,Healthy_Plant,Sh,He
Sheath_Blight_Rot2_6b73532f-e114-464f-baf7-d5223b788bc4.jpeg,BLB,Sh,BL
Sheath_Blight_Rot2_6f790cb5-7d72-48bf-9d55-643d696fd6d0.jpeg,others,Sh,ot
Sheath_Blight_Rot2_760355e1-2bbb-4bdd-a486-3dc2dc97c498.jpeg,BLB,Sh,BL
Sheath_Blight_Rot2_76bb8c0e-9ba1-4578-a454-32e9a0748dc3.jpeg,BLB,Sh,BL
Sheath_Blight_Rot2_7f00e6a7-1417-45b7-8622-1ec131543576.jpeg,Healthy_Plant,Sh,He
Sheath_Blight_Rot2_828142e3-07df-4f78-a3de-126dba239146.jpeg,BLB,Sh,BL
Sheath_Blight_Rot2_8c29941b-7217-4ebf-960a-738f584b2224.jpeg,others,Sh,ot
Sheath_Blight_Rot2_9049c50a-98d5-4312-a032-1b2454c11417.jpeg,BLB,Sh,BL
Sheath_Blight_Rot2_a2d37907-aaed-4922-b704-48c58edea369.jpeg,others,Sh,ot
Sheath_Blight_Rot2_a33794ce-8785-4838-be32-a4cd0b59845d.jpeg,BLB,Sh,BL
Sheath_Blight_Rot2_a7bfb881-0ccf-4a91-b3bd-40f08771bd16.jpeg,others,Sh,ot
Sheath_Blight_Rot2_ab7a1586-e93a-421d-8636-5b17029f21e5.jpeg,BLB,Sh,BL
Sheath_Blight_Rot2_ac7e5a65-91d1-4df9-9cbf-d87cb8f7875e.jpeg,BLB,Sh,BL
Sheath_Blight_Rot2_accf5707-196e-4a09-a9ab-8ac22ee79fd3.jpeg,others,Sh,ot
Sheath_Blight_Rot2_ad023ca2-bfef-40d2-ac74-3de4a906e57c.jpeg,others,Sh,ot
Sheath_Blight_Rot2_ad58d45b-d9ea-4553-9fc2-f3a5cd35505e.jpeg,Healthy_Plant,Sh,He
Sheath_Blight_Rot2_b29344ca-3307-4c32-9e07-6af1ec944d5c.jpeg,Healthy_Plant,Sh,He
Sheath_Blight_Rot2_b299a392-e3a1-459f-a0ff-726f4c3273c8.jpeg,BLB,Sh,BL
Sheath_Blight_Rot2_b2cefd63-38bf-4886-84ac-92b85c76bd83.jpeg,BLB,Sh,BL
Sheath_Blight_Rot2_b4fedb8b-7cf9-4cad-aadd-e0c829378d4b.jpeg,BLB,Sh,BL
Sheath_Blight_Rot2_be282031-0769-4568-bf4a-3c3101cae2f5.jpeg,BLB,Sh,BL
Sheath_Blight_Rot2_c04806f9-5fbe-482e-b510-c0525ad6e600.jpeg,BLB,Sh,BL
Sheath_Blight_Rot2_c130ecc4-f8fa-4313-84a5-1cd74e11b62f.jpeg,others,Sh,ot
Sheath_Blight_Rot2_c541a4cd-f0c3-4257-90b8-47f93da61ac4.jpeg,BLB,Sh,BL
Sheath_Blight_Rot2_c8f06c7d-6c6e-497c-b71c-f9443200a527.jpeg,BLB,Sh,BL
Sheath_Blight_Rot2_c8fa744a-3fa4-4873-ae5b-20d254e9f52f.jpeg,Healthy_Plant,Sh,He
Sheath_Blight_Rot2_d799be0d-715a-4a1e-9a91-673fe623f2d0.jpeg,BLB,Sh,BL
Sheath_Blight_Rot2_dd791d11-8480-4c55-97c2-c638d0de9de0.jpeg,Healthy_Plant,Sh,He
Sheath_Blight_Rot2_ddd88aa3-7474-49e7-9d5f-ca2dddaf0670.jpeg,others,Sh,ot
Sheath_Blight_Rot2_e35eeca8-527a-4be4-b763-c4eff9371783.jpeg,BLB,Sh,BL
Sheath_Blight_Rot2_e438c8b4-4f3f-4f25-b136-3a2ada1b5807.jpeg,BLB,Sh,BL
Sheath_Blight_Rot2_e598e236-5d8c-4bb9-85a3-917646dc1cb1.jpeg,BLB,Sh,BL
Sheath_Blight_Rot2_ec108bd2-0534-47ee-85ef-c46afb49e6d0.jpeg,Healthy_Plant,Sh,He
Sheath_Blight_Rot2_ec777185-6d72-4026-b5af-977509bbec7b.jpeg,BLB,Sh,BL
Sheath_Blight_Rot2_eff9c642-4b4c-4b38-b8a2-704bf8b78e98.jpeg,BLB,Sh,BL
Sheath_Blight_Rot2_f31eb743-c345-4cc3-a699-62cfa1786d38.jpeg,others,Sh,ot
Sheath_Blight_Rot2_f443eb9c-c990-4f3c-bdd2-ad979bceb5b8.jpeg,BLB,Sh,BL
Sheath_Blight_Rot2_f8f27aae-0039-4c69-bacf-7f74f9bfa50f.jpeg,others,Sh,ot
Sheath_Blight_Rot2_f9f33264-d42a-4da5-8998-d658277dc4c0.jpeg,Healthy_Plant,Sh,He
Sheath_Blight_Rot3_02a460e1-2de9-427f-85f9-ff714c372f21.jpeg,Healthy_Plant,Sh,He
Sheath_Blight_Rot3_09f5c15c-50d3-4ed2-945e-72bd4402b422.jpeg,others,Sh,ot
Sheath_Blight_Rot3_0dda0ca6-9bdf-492c-9a36-d0c2c7998002.jpeg,BLB,Sh,BL
Sheath_Blight_Rot3_0e8cd844-9d8d-42d4-9de7-b901bc82f91f.jpeg,BLB,Sh,BL
Sheath_Blight_Rot3_11915c38-7351-467b-ba11-127c44a5cce9.jpeg,BLB,Sh,BL
Sheath_Blight_Rot3_1882f6ef-82b9-402c-a823-55d01c0a8730.jpeg,others,Sh,ot
Sheath_Blight_Rot3_238d08f0-affa-40c9-b541-c347e4c4f3be.jpeg,Healthy_Plant,Sh,He
Sheath_Blight_Rot3_23b883cf-7364-4031-a81e-ee12a00f768c.jpeg,others,Sh,ot
Sheath_Blight_Rot3_2e8885f5-fafb-4a65-adce-2d6d81749742.jpeg,BLB,Sh,BL
Sheath_Blight_Rot3_2fea467d-4bfc-45b3-924b-7288d23ff508.jpeg,BLB,Sh,BL
Sheath_Blight_Rot3_30d15f08-a696-44aa-9ffa-f315753bd43e.jpeg,others,Sh,ot
Sheath_Blight_Rot3_3314d344-39aa-4a3f-a63e-a9ea3fa148ab.jpeg,BLB,Sh,BL
Sheath_Blight_Rot3_3d32d430-0561-4803-a1a3-20dfbb6f6d26.jpeg,Brown_Spot,Sh,Br
Sheath_Blight_Rot3_412ed181-7047-4557-94e2-451380a0ae48.jpeg,BLB,Sh,BL
Sheath_Blight_Rot3_46d5d3ff-da45-484f-99ca-23cb2003646c.jpeg,others,Sh,ot
Sheath_Blight_Rot3_5470521a-e761-4219-b0d7-30ae8121e29e.jpeg,BLB,Sh,BL
Sheath_Blight_Rot3_5d018a9c-aed6-487d-a5f2-fd9f9a51954d.jpeg,Healthy_Plant,Sh,He
Sheath_Blight_Rot3_5fa659e2-1e86-407a-ba98-fbb7a7e350a9.jpeg,Healthy_Plant,Sh,He
Sheath_Blight_Rot3_613630d3-d861-464c-97f5-c93181858df2.jpeg,Healthy_Plant,Sh,He
Sheath_Blight_Rot3_63f73336-57f8-4d11-ba1a-753440336b3f.jpeg,Healthy_Plant,Sh,He
Sheath_Blight_Rot3_64fda8f8-f4b7-4c14-b2f2-f98508d2407e.jpeg,BLB,Sh,BL
Sheath_Blight_Rot3_66bcbab8-7bc9-45c0-b413-0ee67a457590.jpeg,Healthy_Plant,Sh,He
Sheath_Blight_Rot3_67a714fe-6330-47a8-87ea-af451baa3ba3.jpeg,others,Sh,ot
Sheath_Blight_Rot3_67ab0397-610d-46c9-a717-0280b113b242.jpeg,others,Sh,ot
Sheath_Blight_Rot3_71e9d283-9807-424f-99d7-3d56aa58e23e.jpeg,BLB,Sh,BL
Sheath_Blight_Rot3_758cf88d-c336-48fb-87c7-156af7b35eef.jpeg,False_Smut,Sh,Fa
Sheath_Blight_Rot3_771eec51-2c98-41d4-9390-c723803022ab.jpeg,BLB,Sh,BL
Sheath_Blight_Rot3_778b564e-baaa-442c-95b6-3fa4d5c6df6c.jpeg,Healthy_Plant,Sh,He
Sheath_Blight_Rot3_7a580c77-594c-4531-b5ac-5b3971f9aeec.jpeg,BLB,Sh,BL
Sheath_Blight_Rot3_7a8b58a2-b6c3-43ad-a21e-192db29b5abe.jpeg,BLB,Sh,BL
Sheath_Blight_Rot3_7a9c1f20-726f-4ce4-b6ce-7fa94e59fb64.jpeg,Healthy_Plant,Sh,He
Sheath_Blight_Rot3_7d998a92-622a-4679-8267-e5cacb50afa2.jpeg,others,Sh,ot
Sheath_Blight_Rot3_841a1520-8dc2-43c4-a260-c097a28da81a.jpeg,others,Sh,ot
Sheath_Blight_Rot3_84ed5567-32f7-4d76-9872-bb962d30f31d.jpeg,BLB,Sh,BL
Sheath_Blight_Rot3_8751484c-c5b7-4971-aaa8-b8720830f83a.jpeg,Healthy_Plant,Sh,He
Sheath_Blight_Rot3_9127c411-192b-4cae-b018-924c6cf998f1.jpeg,BLB,Sh,BL
Sheath_Blight_Rot3_9a298a86-8e90-47b7-aef6-cbca1fa80421.jpeg,BLB,Sh,BL
Sheath_Blight_Rot3_9bc2665b-f6a0-4e83-b688-0275d877d435.jpeg,BLB,Sh,BL
Sheath_Blight_Rot3_9f5f052c-85ac-46c1-bf37-daafcc0f4f8d.jpeg,Healthy_Plant,Sh,He
Sheath_Blight_Rot3_a034fd05-8541-4c40-90e3-1d74bdbf054b.jpeg,Healthy_Plant,Sh,He
Sheath_Blight_Rot3_a1b150e6-17fe-4659-99d3-42cad7f07fe4.jpeg,others,Sh,ot
Sheath_Blight_Rot3_a6550c89-f09b-4402-b3e5-d3f3bfd618ac.jpeg,BLB,Sh,BL
Sheath_Blight_Rot3_a800bb00-5429-42f5-9f37-60bd5720b1f3.jpeg,BLB,Sh,BL
Sheath_Blight_Rot3_a8085d44-4be4-4931-a751-12a45b7ef493.jpeg,others,Sh,ot
Sheath_Blight_Rot3_ad621774-5c4b-4c09-9e70-39452e7f233d.jpeg,BLB,Sh,BL
Sheath_Blight_Rot3_b3149398-b0f8-4313-907f-5b2f8a3554a2.jpeg,others,Sh,ot
Sheath_Blight_Rot3_b4ea38f5-2ff7-48c5-a52f-1db7786d4ae9.jpeg,BLB,Sh,BL
Sheath_Blight_Rot3_b82638ab-05b1-4b60-afaa-e7013d29da2c.jpeg,BLB,Sh,BL
Sheath_Blight_Rot3_c04f0b85-dc37-4fb4-936e-a2ceea53524b.jpeg,BLB,Sh,BL
Sheath_Blight_Rot3_c462e072-c942-4756-854c-5ae73add82af.jpeg,others,Sh,ot
Sheath_Blight_Rot3_c745b5e8-780d-46e5-8c30-72b859fc3649.jpeg,Healthy_Plant,Sh,He
Sheath_Blight_Rot3_c74720c3-473f-44e1-ba0b-e09d17bcc730.jpeg,Healthy_Plant,Sh,He
Sheath_Blight_Rot3_c9b93afd-98d0-4a1c-9c7e-0c4e23ced31c.jpeg,Healthy_Plant,Sh,He
Sheath_Blight_Rot3_ca850108-6241-4570-89ed-152b8aab742a.jpeg,others,Sh,ot
Sheath_Blight_Rot3_d0100810-62c4-41cb-932e-372f3aca9cfc.jpeg,others,Sh,ot
Sheath_Blight_Rot3_d05740cc-03c4-420f-98fe-d9a3d283bf53.jpeg,others,Sh,ot
Sheath_Blight_Rot3_d29fe57b-dd2c-4b1c-b781-0367f8e86a2f.jpeg,BLB,Sh,BL
Sheath_Blight_Rot3_d3a39dd3-7d26-4d96-9e99-a5c406a37d64.jpeg,Healthy_Plant,Sh,He
Sheath_Blight_Rot3_e03f85f2-1b29-424c-96c9-e5655adea653.jpeg,BLB,Sh,BL
Sheath_Blight_Rot3_e0825fe5-0bfb-432f-b084-e76ecfe6d0c2.jpeg,Healthy_Plant,Sh,He
Sheath_Blight_Rot3_e24e1f84-26e5-43c6-b29d-424e5ab5df27.jpeg,Healthy_Plant,Sh,He
Sheath_Blight_Rot3_e47b044b-4c2c-4460-ae4f-0ba404611e11.jpeg,Healthy_Plant,Sh,He
Sheath_Blight_Rot3_e48cb4c8-faa6-480e-8467-929e03326d04.jpeg,BLB,Sh,BL
Sheath_Blight_Rot3_eded8b2b-f600-4eab-8a97-a178e544ae62.jpeg,Healthy_Plant,Sh,He
Sheath_Blight_Rot3_f06c0500-5421-4969-bc8f-9f00361fe3ee.jpeg,Healthy_Plant,Sh,He
Sheath_Blight_Rot3_f1422313-3749-4821-9b67-915a45568fac.jpeg,Healthy_Plant,Sh,He
Sheath_Blight_Rot3_f2639098-a36b-40cd-82ab-861daed205db.jpeg,others,Sh,ot
Sheath_Blight_Rot3_f86fe8ab-3780-48f5-9899-fdd316afdad1.jpeg,BLB,Sh,BL
Sheath_Blight_Rot3_f98e0730-3b9b-4fd2-847e-03975eb5d6ae.jpeg,BLB,Sh,BL
Sheath_Blight_Rot3_fa57e622-cef6-498e-a5cd-d53340aa629d.jpeg,Healthy_Plant,Sh,He
Sheath_Blight_Rot3_fe32f0a9-28a4-4ea2-a44f-42afbc49655f.jpeg,others,Sh,ot
Stemborer1_015d568a-33ee-4a16-b1ad-9b504b68d45a.jpeg,others,St,ot
Stemborer1_023d9b6d-e697-4a84-b0ea-b83a2dd7a9dd.jpeg,others,St,ot
Stemborer1_02ec68ec-a35b-4477-8098-62dfebaf00ef.jpeg,others,St,ot
Stemborer1_0346657d-86bf-4349-9c21-7de2b5d925ff.jpeg,others,St,ot
Stemborer1_04c30c57-c4b0-4dd7-a4c1-8e37e0e1bde1.jpeg,others,St,ot
Stemborer1_04d8c7c9-ddfd-4402-8529-4e0a18aa5f7f.jpeg,others,St,ot
Stemborer1_09671cb5-20ac-45ff-8f1a-95109650dd05.jpeg,others,St,ot
Stemborer1_09837d75-3df7-46cc-a80d-8609128c00bc.jpeg,others,St,ot
Stemborer1_0ce88994-15a2-4904-92b0-a0da62df367e.jpeg,others,St,ot
Stemborer1_0d080fcd-e8b5-4644-a494-1c3a3bed8fa6.jpeg,others,St,ot
Stemborer1_0dc12146-2e11-4ddc-a389-bba6757178c5.jpeg,others,St,ot
Stemborer1_0efce5a2-cdd4-4299-92d6-d51c41fee596.jpeg,others,St,ot
Stemborer1_0f0a7639-d1e5-4ddd-a219-8ba64de1961c.jpeg,Healthy_Plant,St,He
Stemborer1_12c23fe0-46a1-4f60-a081-cece67aa4b6c.jpeg,others,St,ot
Stemborer1_13aee872-7410-4332-a5f8-bc4a7e5af6e7.jpeg,others,St,ot
Stemborer1_1b701ecf-f741-4de5-b16f-1c5793c22174.jpeg,others,St,ot
Stemborer1_1ce1fae7-0bc4-4fb8-aee1-f164fc491976.jpeg,Healthy_Plant,St,He
Stemborer1_1dca3f67-463a-4013-bf95-10542afa982e.jpeg,others,St,ot
Stemborer1_1ec2b2f2-2b45-4fcf-848f-66c405612786.jpeg,others,St,ot
Stemborer1_1fdd6497-76c0-49ff-8c08-b1f589c21476.jpeg,others,St,ot
Stemborer1_22fe4878-30c3-4850-8c05-cdfa1d702b34.jpeg,others,St,ot
Stemborer1_2672fcee-d094-47fc-87fd-8465ffa4f88c.jpeg,others,St,ot
Stemborer1_29d545aa-385c-4905-a486-5607c33f8ca8.jpeg,others,St,ot
Stemborer1_2b8790f5-cd24-4c63-8d45-02298a1ce8ff.jpeg,others,St,ot
Stemborer1_2cabb230-0139-45d6-8977-4247bc4e8666.jpeg,others,St,ot
Stemborer1_2fab1050-517a-4d8e-817f-7c383a4d01d4.jpeg,others,St,ot
Stemborer1_3349fe97-4399-4d9d-b742-e958e2293e0b.jpeg,others,St,ot
Stemborer1_3440a692-d255-4de9-b50d-308a90736ccc.jpeg,others,St,ot
Stemborer1_34d5eca8-8678-4be4-969d-69699611fef8.jpeg,others,St,ot
Stemborer1_34edf8e1-dab1-43a5-bccc-1d7bdd587fce.jpeg,others,St,ot
Stemborer1_35f25aeb-74dc-49de-b99d-43f8b8d9ba38.jpeg,others,St,ot
Stemborer1_35fd979c-1cdd-4e3c-867f-64243ead5899.jpeg,others,St,ot
Stemborer1_3732e693-1828-4d6a-ad03-529b65619e5f.jpeg,others,St,ot
Stemborer1_38d8f89d-4fc2-49c9-baa8-8589b71e19e5.jpeg,others,St,ot
Stemborer1_3a9fd074-945a-4c69-a150-718734a9ec12.jpeg,others,St,ot
Stemborer1_3c1c87d1-c08d-4b3e-b292-8eb3543f7058.jpeg,others,St,ot
Stemborer1_3d99fe0a-44ea-489a-a58c-b8035ce5435d.jpeg,others,St,ot
Stemborer1_3e27be52-7678-46a9-a7eb-f51f0855e38f.jpeg,others,St,ot
Stemborer1_3edee154-3e53-4068-9c6c-c7a0e94528b6.jpeg,others,St,ot
Stemborer1_3f53579c-4b61-445d-ad2c-96ca8ed42b1c.jpeg,others,St,ot
Stemborer1_3fae439f-6388-4cf1-8c03-f82b7adddfb0.jpeg,others,St,ot
Stemborer1_44561801-fce3-46ba-bc67-ebf538aea42f.jpeg,others,St,ot
Stemborer1_45a468b2-56af-455f-a33b-d4b63745fcdc.jpeg,others,St,ot
Stemborer1_4967cce9-1276-4796-9b79-7a3f4346a69e.jpeg,others,St,ot
Stemborer1_4d4969a8-05ab-42f4-86cd-700fb41f53c5.jpeg,others,St,ot
Stemborer1_4dd6a206-c86e-446b-9831-b392bfe3a6bb.jpeg,others,St,ot
Stemborer1_4e558f5c-55ac-468f-9256-f996a0f901bb.jpeg,others,St,ot
Stemborer1_4fe3358c-c4e5-4fb6-8721-c18735bcd6fc.jpeg,others,St,ot
Stemborer1_5118b8a4-0f33-44ba-a971-177cac169303.jpeg,others,St,ot
Stemborer1_5d42d0ca-9089-4d16-8661-894d4fd73650.jpeg,others,St,ot
Stemborer1_5e322197-02b8-422a-9782-c00ee2a721cd.jpeg,others,St,ot
Stemborer1_5fd0ce8b-ea16-461d-8a64-f44eb2e7d730.jpeg,others,St,ot
Stemborer1_63e0d848-50b5-43c9-bc5e-37cd56f8d5d3.jpeg,others,St,ot
Stemborer1_65b309d1-d9de-43a5-b4dc-d1bcfd0a7fbe.jpeg,others,St,ot
Stemborer1_65c7d813-ff6a-4947-bac3-77811f32e2aa.jpeg,others,St,ot
Stemborer1_68883497-d20b-4876-b57f-e06183eed770.jpeg,others,St,ot
Stemborer1_6b9dd880-e133-4fc8-90ee-eaa7e8e4bc43.jpeg,others,St,ot
Stemborer1_6bea02ac-ecee-48f0-93c4-345204bc425b.jpeg,others,St,ot
Stemborer1_70e7ab09-a463-4114-8edd-befb364e059f.jpeg,others,St,ot
Stemborer1_743f462d-6a6b-4fa6-a6a6-1094c3ee666d.jpeg,others,St,ot
Stemborer1_74674886-d6b2-4a14-9f35-06c97f2cff35.jpeg,others,St,ot
Stemborer1_79dfa226-4677-4b47-ab22-d926a5b418d5.jpeg,others,St,ot
Stemborer1_7b8826bc-36a1-4103-baeb-ab2710682c64.jpeg,others,St,ot
Stemborer1_836d9e72-2492-460e-9302-b4237b5b3f57.jpeg,others,St,ot
Stemborer1_849ef01a-b32a-4726-bd2f-ee175d4d1b4d.jpeg,others,St,ot
Stemborer1_8609d90d-7f6b-4e52-ae6a-ab9bab10c3fb.jpeg,others,St,ot
Stemborer1_89157388-98ef-4a26-a27b-d8f4ea3226e4.jpeg,others,St,ot
Stemborer1_8ad03f75-d280-4823-92b0-f08331950ee5.jpeg,others,St,ot
Stemborer1_9100c954-4e24-4b9c-b27b-803eb107ba77.jpeg,others,St,ot
Stemborer1_938c30c5-76b8-4cb9-962b-38da6a56e82d.jpeg,others,St,ot
Stemborer1_9df88b16-61e2-4096-86df-0cbed678851b.jpeg,others,St,ot
Stemborer1_9e075250-078c-43e8-adad-dd0e415d54ba.jpeg,others,St,ot
Stemborer1_9e421aee-da06-4208-a547-29f7a1fbf246.jpeg,False_Smut,St,Fa
Stemborer1_9f3cdacf-3a8b-4cc2-8763-760507190165.jpeg,others,St,ot
Stemborer1_a0bc63e5-b157-4c10-affb-927a8df8c58c.jpeg,others,St,ot
Stemborer1_a1c7c7fc-277e-4e39-8aa2-21374d5ac760.jpeg,others,St,ot
Stemborer1_a1e7a037-7f24-4da3-9f5d-68394cbdc3ac.jpeg,others,St,ot
Stemborer1_a4d8fd87-e43c-4c58-8dbf-ebecce075a3c.jpeg,others,St,ot
Stemborer1_a5262e72-f552-440f-be50-db1f88e26d2d.jpeg,others,St,ot
Stemborer1_a66470a3-a01f-4227-80d4-8d7d86816ae4.jpeg,others,St,ot
Stemborer1_a7fc294a-ccdd-4212-aa42-8db3d8f741ee.jpeg,others,St,ot
Stemborer1_aab2442e-340a-4453-af7d-e94d9518c6b6.jpeg,others,St,ot
Stemborer1_abc869ef-e304-4467-b728-44d92e66c900.jpeg,others,St,ot
Stemborer1_ac19da27-b611-4de0-9ece-020b4a2d3a0b.jpeg,others,St,ot
Stemborer1_ac1be1f6-ffdf-43f4-99c3-b18183cd507c.jpeg,others,St,ot
Stemborer1_ac8cf594-59a8-4c23-8548-3f03eab0ab69.jpeg,others,St,ot
Stemborer1_b4510cfd-a275-4d77-8cd4-d725b54a142e.jpeg,others,St,ot
Stemborer1_b765839a-35b6-4d18-b81a-93d9197ae949.jpeg,others,St,ot
Stemborer1_b8087cf3-a519-4a3d-82cc-85eba8286d3b.jpeg,others,St,ot
Stemborer1_bd50d807-fb99-43f8-94e4-5db866301673.jpeg,others,St,ot
Stemborer1_bd5f8a65-f578-46a8-addd-098fc9bb60cf.jpeg,others,St,ot
Stemborer1_bed9bfb0-2abd-40bc-a46a-d060242ef369.jpeg,others,St,ot
Stemborer1_c4f5a07c-bcf5-4f2a-823a-32fa2a23e1a1.jpeg,others,St,ot
Stemborer1_c4fb12d4-6a11-48d2-9fc9-ea641d870478.jpeg,others,St,ot
Stemborer1_c8facd66-daa6-4940-aa5c-d33867e5a83a.jpeg,others,St,ot
Stemborer1_cacbe154-88f7-40d2-b29e-05bbcce5ad76.jpeg,others,St,ot
Stemborer1_cc5f8e52-2d92-40ed-b1ab-1df747659b22.jpeg,others,St,ot
Stemborer1_cccd7714-0c82-4841-bc7a-41f58c39bf04.jpeg,others,St,ot
Stemborer1_d1236af9-79a4-4b9c-9684-2141ef93211f.jpeg,others,St,ot
Stemborer1_d2117e85-d7aa-4d3c-b1cc-de411b3faffe.jpeg,others,St,ot
Stemborer1_d92d45ac-3ed2-49c6-be8d-1a0028302649.jpeg,others,St,ot
Stemborer1_de6beaaa-505e-42b9-8a86-16de1b1b6f37.jpeg,others,St,ot
Stemborer1_e08e3494-774b-4580-8486-8e9ef922499c.jpeg,others,St,ot
Stemborer1_e144dad4-94cd-4e04-b935-1296cd3a4001.jpeg,others,St,ot
Stemborer1_f1d44f99-20ac-44a9-bd9f-9c53b9a16371.jpeg,others,St,ot
Stemborer1_f52fbd0e-1615-49e5-b13d-f0e982c98133.jpeg,Healthy_Plant,St,He
Stemborer1_f6f16c50-8de5-45a4-9ab4-5237a91395cb.jpeg,others,St,ot
Stemborer1_f79b336a-15db-400d-ab6d-ce374e8599ab.jpeg,others,St,ot
Stemborer1_f7c8276e-2d4b-4861-8615-ff1ed7fb2ca4.jpeg,others,St,ot
Stemborer1_f8adc9cf-3258-44c9-9717-7748acbe3e2e.jpeg,others,St,ot
Stemborer1_fd051a90-7d37-41a3-bbf4-805d1087a707.jpeg,others,St,ot
Stemborer2_063f8296-84e9-44fc-ad0b-d4982292852e.jpeg,BLB,St,BL
Stemborer2_24fed5c7-c961-4046-ae51-f86647f935d3.jpeg,others,St,ot
Stemborer2_29336eb7-5665-451f-93de-1c307842dcc0.jpeg,Healthy_Plant,St,He
Stemborer2_303f125b-7d44-4d7d-885d-97fa7f76c545.jpeg,BLB,St,BL
Stemborer2_32b5bd08-9eb1-4320-97c5-855dfddcc157.jpeg,BLB,St,BL
Stemborer2_3e627b6f-9e0e-428f-a222-2964d878523a.jpeg,others,St,ot
Stemborer2_423c8951-dead-460a-893b-80e67ddd599e.jpeg,Healthy_Plant,St,He
Stemborer2_47f1081c-a815-4d3d-8b74-eba52aa0df3a.jpeg,others,St,ot
Stemborer2_66a97bf8-9dec-491f-a52c-80c0d282f670.jpeg,others,St,ot
Stemborer2_6aaf97b4-8d56-4a7a-91a4-9516603f99bf.jpeg,others,St,ot
Stemborer2_7a152016-ef98-4974-aa6f-139cbd240b0a.jpeg,BLB,St,BL
Stemborer2_8171ee4f-82cd-413e-89a2-cf37b8135a84.jpeg,BLB,St,BL
Stemborer2_a34d5a87-c8f9-488c-bd96-b9a152bb6283.jpeg,Healthy_Plant,St,He
Stemborer2_b9a603f8-e658-4cea-a177-145c1a6e5fd6.jpeg,BLB,St,BL
Stemborer2_cb782695-b026-4ff9-825e-2ecd552b0bd9.jpeg,others,St,ot
Stemborer2_d981d6e2-bc37-472c-8267-4cf7002ab3e4.jpeg,Healthy_Plant,St,He
Stemborer2_e6a7c090-c85d-48f4-9fe6-2863d4fcf615.jpeg,Healthy_Plant,St,He
Stemborer2_f0f6fd0b-77b1-46c1-bc5d-271ada7640a1.jpeg,others,St,ot
Stemborer2_f2961d08-7e3b-4d05-8a4d-95c4cf5cf339.jpeg,Healthy_Plant,St,He
Stemborer2_f7cad769-ece7-4676-86bc-084188a9fd7c.jpeg,others,St,ot
Stemborer2_fd90a80c-e21b-445b-b760-c382b4b5d62e.jpeg,Healthy_Plant,St,He
